Year,Stock A,Stock B
2010.0,711.4139210000001,775.767749
2011.0,694.2611390000001,773.146825
2012.0,685.000691,769.311958
2013.0,662.4280210000001,782.0210509999999
2014.0,634.529206,768.2101580000001
2015.0,608.767384,769.562901
2016.0,596.052016,759.487442
2017.0,594.172413,748.291289
2018.0,575.679798,726.688752
